repository,id,tag_name,published_at,author,draft,prerelease
stackflow,221756397,@stackflow/react-ui-core@1.3.2,2025-05-29T08:08:59Z,github-actions[bot],false,false
stackflow,221756390,@stackflow/plugin-basic-ui@1.14.2,2025-05-29T08:08:56Z,github-actions[bot],false,false
stackflow,218765570,@stackflow/react-ui-core@1.3.1,2025-05-15T09:08:02Z,github-actions[bot],false,false
stackflow,218765559,@stackflow/plugin-basic-ui@1.14.1,2025-05-15T09:07:59Z,github-actions[bot],false,false
stackflow,217906393,@stackflow/react@1.5.2,2025-05-12T07:52:17Z,github-actions[bot],false,false
stackflow,211240605,@stackflow/react-ui-core@1.3.0,2025-04-09T10:08:22Z,github-actions[bot],false,false
stackflow,211240595,@stackflow/plugin-basic-ui@1.14.0,2025-04-09T10:08:19Z,github-actions[bot],false,false
stackflow,208587923,@stackflow/react-ui-core@1.2.3,2025-03-27T06:55:24Z,github-actions[bot],false,false
stackflow,208587919,@stackflow/plugin-basic-ui@1.13.1,2025-03-27T06:55:22Z,github-actions[bot],false,false
stackflow,205775211,@stackflow/react-ui-core@1.2.2,2025-03-14T06:58:35Z,github-actions[bot],false,false
stackflow,205775206,@stackflow/plugin-basic-ui@1.13.0,2025-03-14T06:58:32Z,github-actions[bot],false,false
stackflow,202012520,@stackflow/react@1.5.1,2025-02-24T11:45:06Z,github-actions[bot],false,false
stackflow,200295634,@stackflow/react@1.5.0,2025-02-14T02:06:57Z,github-actions[bot],false,false
stackflow,200295637,@stackflow/plugin-basic-ui@1.12.0,2025-02-14T02:07:00Z,github-actions[bot],false,false
stackflow,200295629,@stackflow/core@1.2.0,2025-02-14T02:06:54Z,github-actions[bot],false,false
stackflow,196072820,@stackflow/react@1.4.2,2025-01-22T12:13:17Z,github-actions[bot],false,false
stackflow,196072826,@stackflow/plugin-history-sync@1.7.1,2025-01-22T12:13:19Z,github-actions[bot],false,false
stackflow,196072809,@stackflow/link@1.6.1,2025-01-22T12:13:13Z,github-actions[bot],false,false
stackflow,196072797,@stackflow/core@1.1.1,2025-01-22T12:13:10Z,github-actions[bot],false,false
stackflow,196072781,@stackflow/config@1.2.1,2025-01-22T12:13:08Z,github-actions[bot],false,false
stackflow,191425119,@stackflow/react-ui-core@1.2.1,2024-12-18T12:26:00Z,github-actions[bot],false,false
stackflow,191372336,@stackflow/react-ui-core@1.2.0,2024-12-18T07:57:55Z,github-actions[bot],false,false
stackflow,191454765,@stackflow/plugin-basic-ui@1.11.1,2024-12-18T14:29:36Z,github-actions[bot],false,false
stackflow,191372330,@stackflow/plugin-basic-ui@1.11.0,2024-12-18T07:57:52Z,github-actions[bot],false,false
stackflow,186154740,@stackflow/plugin-basic-ui@1.10.1,2024-11-19T10:39:01Z,github-actions[bot],false,false
stackflow,184272883,@stackflow/link@1.6.0,2024-11-08T01:57:26Z,github-actions[bot],false,false
stackflow,181365373,@stackflow/react@1.4.1,2024-10-23T05:42:16Z,github-actions[bot],false,false
stackflow,176983643,@stackflow/react@1.4.0,2024-09-26T06:24:57Z,github-actions[bot],false,false
stackflow,176983651,@stackflow/plugin-preload@1.4.3,2024-09-26T06:25:00Z,github-actions[bot],false,false
stackflow,176983638,@stackflow/plugin-history-sync@1.7.0,2024-09-26T06:24:51Z,github-actions[bot],false,false
stackflow,176983640,@stackflow/link@1.5.0,2024-09-26T06:24:54Z,github-actions[bot],false,false
stackflow,176983629,@stackflow/config@1.2.0,2024-09-26T06:24:48Z,github-actions[bot],false,false
stackflow,174478352,@stackflow/plugin-basic-ui@1.10.0,2024-09-11T07:08:36Z,github-actions[bot],false,false
stackflow,173139832,@stackflow/react@1.3.2,2024-09-03T05:29:01Z,github-actions[bot],false,false
stackflow,173139827,@stackflow/react-ui-core@1.1.2,2024-09-03T05:28:55Z,github-actions[bot],false,false
stackflow,173139830,@stackflow/plugin-renderer-web@1.1.13,2024-09-03T05:28:57Z,github-actions[bot],false,false
stackflow,173139821,@stackflow/plugin-renderer-basic@1.1.13,2024-09-03T05:28:52Z,github-actions[bot],false,false
stackflow,173139818,@stackflow/plugin-preload@1.4.2,2024-09-03T05:28:48Z,github-actions[bot],false,false
stackflow,173139813,@stackflow/plugin-map-initial-activity@1.0.11,2024-09-03T05:28:46Z,github-actions[bot],false,false
stackflow,173139806,@stackflow/plugin-google-analytics-4@1.1.15,2024-09-03T05:28:42Z,github-actions[bot],false,false
stackflow,173139799,@stackflow/plugin-basic-ui@1.9.2,2024-09-03T05:28:39Z,github-actions[bot],false,false
stackflow,173139791,@stackflow/link@1.4.5,2024-09-03T05:28:36Z,github-actions[bot],false,false
stackflow,173139787,@stackflow/compat-await-push@1.1.13,2024-09-03T05:28:34Z,github-actions[bot],false,false
stackflow,171204000,@stackflow/plugin-history-sync@1.6.3,2024-08-21T06:44:29Z,github-actions[bot],false,false
stackflow,170105114,@stackflow/react@1.3.1,2024-08-14T06:44:07Z,github-actions[bot],false,false
stackflow,170099444,@stackflow/react@1.3.0,2024-08-14T05:39:17Z,github-actions[bot],false,false
stackflow,170099435,@stackflow/react-ui-core@1.1.1,2024-08-14T05:39:11Z,github-actions[bot],false,false
stackflow,170099440,@stackflow/plugin-stack-depth-change@1.1.5,2024-08-14T05:39:14Z,github-actions[bot],false,false
stackflow,170099430,@stackflow/plugin-renderer-web@1.1.12,2024-08-14T05:39:08Z,github-actions[bot],false,false
stackflow,170099426,@stackflow/plugin-renderer-basic@1.1.12,2024-08-14T05:39:05Z,github-actions[bot],false,false
stackflow,170099417,@stackflow/plugin-preload@1.4.1,2024-08-14T05:38:59Z,github-actions[bot],false,false
stackflow,170099415,@stackflow/plugin-map-initial-activity@1.0.10,2024-08-14T05:38:55Z,github-actions[bot],false,false
stackflow,170099422,@stackflow/plugin-history-sync@1.6.2,2024-08-14T05:39:02Z,github-actions[bot],false,false
stackflow,170099411,@stackflow/plugin-google-analytics-4@1.1.14,2024-08-14T05:38:52Z,github-actions[bot],false,false
stackflow,170099406,@stackflow/plugin-devtools@0.1.11,2024-08-14T05:38:50Z,github-actions[bot],false,false
stackflow,170099401,@stackflow/plugin-basic-ui@1.9.1,2024-08-14T05:38:46Z,github-actions[bot],false,false
stackflow,170099393,@stackflow/link@1.4.4,2024-08-14T05:38:43Z,github-actions[bot],false,false
stackflow,170099386,@stackflow/core@1.1.0,2024-08-14T05:38:38Z,github-actions[bot],false,false
stackflow,170099391,@stackflow/compat-await-push@1.1.12,2024-08-14T05:38:40Z,github-actions[bot],false,false
stackflow,169235168,@stackflow/react@1.2.2,2024-08-08T02:42:12Z,github-actions[bot],false,false
stackflow,169235160,@stackflow/react-ui-core@1.1.0,2024-08-08T02:42:09Z,github-actions[bot],false,false
stackflow,169244103,@stackflow/plugin-history-sync@1.6.1,2024-08-08T03:53:13Z,github-actions[bot],false,false
stackflow,169235155,@stackflow/plugin-basic-ui@1.9.0,2024-08-08T02:42:06Z,github-actions[bot],false,false
stackflow,169244099,@stackflow/core@1.0.14,2024-08-08T03:53:10Z,github-actions[bot],false,false
stackflow,168359701,@stackflow/plugin-preload@1.4.0,2024-08-02T01:22:05Z,github-actions[bot],false,false
stackflow,168359697,@stackflow/plugin-basic-ui@1.8.4,2024-08-02T01:22:03Z,github-actions[bot],false,false
stackflow,168037322,@stackflow/react@1.2.1,2024-07-31T12:47:28Z,github-actions[bot],false,false
stackflow,168011256,@stackflow/react@1.2.0,2024-07-31T10:07:05Z,github-actions[bot],false,false
stackflow,168011240,@stackflow/plugin-renderer-web@1.1.11,2024-07-31T10:07:02Z,github-actions[bot],false,false
stackflow,168011233,@stackflow/plugin-renderer-basic@1.1.11,2024-07-31T10:06:59Z,github-actions[bot],false,false
stackflow,168011225,@stackflow/plugin-preload@1.3.3,2024-07-31T10:06:56Z,github-actions[bot],false,false
stackflow,168011219,@stackflow/plugin-map-initial-activity@1.0.9,2024-07-31T10:06:53Z,github-actions[bot],false,false
stackflow,168011203,@stackflow/plugin-history-sync@1.6.0,2024-07-31T10:06:50Z,github-actions[bot],false,false
stackflow,168011199,@stackflow/plugin-google-analytics-4@1.1.13,2024-07-31T10:06:47Z,github-actions[bot],false,false
stackflow,168011188,@stackflow/plugin-basic-ui@1.8.3,2024-07-31T10:06:44Z,github-actions[bot],false,false
stackflow,168011177,@stackflow/link@1.4.3,2024-07-31T10:06:41Z,github-actions[bot],false,false
stackflow,168011166,@stackflow/config@1.1.0,2024-07-31T10:06:38Z,github-actions[bot],false,false
stackflow,168011156,@stackflow/compat-await-push@1.1.11,2024-07-31T10:06:35Z,github-actions[bot],false,false
stackflow,167083853,@stackflow/react@1.1.11,2024-07-25T08:37:17Z,github-actions[bot],false,false
stackflow,167083838,@stackflow/plugin-stack-depth-change@1.1.4,2024-07-25T08:37:11Z,github-actions[bot],false,false
stackflow,167083828,@stackflow/plugin-renderer-web@1.1.10,2024-07-25T08:37:08Z,github-actions[bot],false,false
stackflow,167083844,@stackflow/plugin-renderer-basic@1.1.10,2024-07-25T08:37:14Z,github-actions[bot],false,false
stackflow,167083822,@stackflow/plugin-preload@1.3.2,2024-07-25T08:37:05Z,github-actions[bot],false,false
stackflow,167083815,@stackflow/plugin-map-initial-activity@1.0.8,2024-07-25T08:37:02Z,github-actions[bot],false,false
stackflow,167083803,@stackflow/plugin-history-sync@1.5.4,2024-07-25T08:36:59Z,github-actions[bot],false,false
stackflow,167083780,@stackflow/plugin-google-analytics-4@1.1.12,2024-07-25T08:36:53Z,github-actions[bot],false,false
stackflow,167083790,@stackflow/plugin-devtools@0.1.10,2024-07-25T08:36:56Z,github-actions[bot],false,false
stackflow,167083766,@stackflow/plugin-basic-ui@1.8.2,2024-07-25T08:36:47Z,github-actions[bot],false,false
stackflow,167083751,@stackflow/link@1.4.2,2024-07-25T08:36:44Z,github-actions[bot],false,false
stackflow,167083860,@stackflow/esbuild-config@1.0.3,2024-07-25T08:37:20Z,github-actions[bot],false,false
stackflow,167083774,@stackflow/core@1.0.13,2024-07-25T08:36:50Z,github-actions[bot],false,false
stackflow,167083747,@stackflow/compat-await-push@1.1.10,2024-07-25T08:36:41Z,github-actions[bot],false,false
stackflow,166825185,@stackflow/plugin-basic-ui@1.8.1,2024-07-24T03:50:38Z,github-actions[bot],false,false
stackflow,166612156,@stackflow/plugin-history-sync@1.5.3,2024-07-23T01:35:18Z,github-actions[bot],false,false
stackflow,166446233,@stackflow/react@1.1.10,2024-07-22T05:04:13Z,github-actions[bot],false,false
stackflow,166446231,@stackflow/plugin-stack-depth-change@1.1.3,2024-07-22T05:04:10Z,github-actions[bot],false,false
stackflow,166446229,@stackflow/plugin-renderer-web@1.1.9,2024-07-22T05:04:07Z,github-actions[bot],false,false
stackflow,166446223,@stackflow/plugin-renderer-basic@1.1.9,2024-07-22T05:04:04Z,github-actions[bot],false,false
stackflow,166446218,@stackflow/plugin-preload@1.3.1,2024-07-22T05:04:01Z,github-actions[bot],false,false
stackflow,166446211,@stackflow/plugin-map-initial-activity@1.0.7,2024-07-22T05:03:55Z,github-actions[bot],false,false
stackflow,166446214,@stackflow/plugin-history-sync@1.5.2,2024-07-22T05:03:58Z,github-actions[bot],false,false
stackflow,166446204,@stackflow/plugin-google-analytics-4@1.1.11,2024-07-22T05:03:49Z,github-actions[bot],false,false
stackflow,166446207,@stackflow/plugin-devtools@0.1.9,2024-07-22T05:03:52Z,github-actions[bot],false,false
stackflow,166446200,@stackflow/plugin-basic-ui@1.8.0,2024-07-22T05:03:46Z,github-actions[bot],false,false
stackflow,166446198,@stackflow/link@1.4.1,2024-07-22T05:03:43Z,github-actions[bot],false,false
stackflow,166446237,@stackflow/esbuild-config@1.0.2,2024-07-22T05:04:16Z,github-actions[bot],false,false
stackflow,166446191,@stackflow/core@1.0.12,2024-07-22T05:03:37Z,github-actions[bot],false,false
stackflow,166446194,@stackflow/compat-await-push@1.1.9,2024-07-22T05:03:40Z,github-actions[bot],false,false
stackflow,164574177,@stackflow/plugin-history-sync@1.5.1,2024-07-09T09:38:29Z,github-actions[bot],false,false
stackflow,164574167,@stackflow/core@1.0.11,2024-07-09T09:38:26Z,github-actions[bot],false,false
stackflow,157702100,@stackflow/plugin-basic-ui@1.7.0,2024-05-28T01:17:17Z,github-actions[bot],false,false
stackflow,157280323,@stackflow/react@1.1.9,2024-05-24T05:14:04Z,github-actions[bot],false,false
stackflow,156824145,@stackflow/plugin-history-sync@1.5.0,2024-05-22T08:10:53Z,github-actions[bot],false,false
stackflow,156824137,@stackflow/plugin-basic-ui@1.6.0,2024-05-22T08:10:50Z,github-actions[bot],false,false
stackflow,141770103,@stackflow/react@1.1.8,2024-02-13T10:26:03Z,github-actions[bot],false,false
stackflow,141770096,@stackflow/plugin-renderer-web@1.1.8,2024-02-13T10:26:01Z,github-actions[bot],false,false
stackflow,141770092,@stackflow/plugin-renderer-basic@1.1.8,2024-02-13T10:25:58Z,github-actions[bot],false,false
stackflow,141770083,@stackflow/plugin-preload@1.3.0,2024-02-13T10:25:54Z,github-actions[bot],false,false
stackflow,141770075,@stackflow/plugin-map-initial-activity@1.0.6,2024-02-13T10:25:51Z,github-actions[bot],false,false
stackflow,141770070,@stackflow/plugin-history-sync@1.4.0,2024-02-13T10:25:48Z,github-actions[bot],false,false
stackflow,141770061,@stackflow/plugin-google-analytics-4@1.1.10,2024-02-13T10:25:45Z,github-actions[bot],false,false
stackflow,141770055,@stackflow/plugin-basic-ui@1.5.3,2024-02-13T10:25:42Z,github-actions[bot],false,false
stackflow,141770044,@stackflow/link@1.4.0,2024-02-13T10:25:39Z,github-actions[bot],false,false
stackflow,141770039,@stackflow/compat-await-push@1.1.8,2024-02-13T10:25:36Z,github-actions[bot],false,false
stackflow,139093547,@stackflow/react@1.1.7,2024-01-30T10:13:04Z,github-actions[bot],false,false
stackflow,139093552,@stackflow/plugin-stack-depth-change@1.1.2,2024-01-30T10:13:07Z,github-actions[bot],false,false
stackflow,139093536,@stackflow/plugin-renderer-web@1.1.7,2024-01-30T10:13:01Z,github-actions[bot],false,false
stackflow,139093529,@stackflow/plugin-renderer-basic@1.1.7,2024-01-30T10:12:58Z,github-actions[bot],false,false
stackflow,139093524,@stackflow/plugin-preload@1.2.15,2024-01-30T10:12:56Z,github-actions[bot],false,false
stackflow,139093511,@stackflow/plugin-map-initial-activity@1.0.5,2024-01-30T10:12:52Z,github-actions[bot],false,false
stackflow,139093502,@stackflow/plugin-history-sync@1.3.18,2024-01-30T10:12:49Z,github-actions[bot],false,false
stackflow,139093496,@stackflow/plugin-google-analytics-4@1.1.9,2024-01-30T10:12:47Z,github-actions[bot],false,false
stackflow,139093486,@stackflow/plugin-devtools@0.1.8,2024-01-30T10:12:43Z,github-actions[bot],false,false
stackflow,139093482,@stackflow/plugin-basic-ui@1.5.2,2024-01-30T10:12:40Z,github-actions[bot],false,false
stackflow,139093473,@stackflow/link@1.3.16,2024-01-30T10:12:37Z,github-actions[bot],false,false
stackflow,139093452,@stackflow/core@1.0.10,2024-01-30T10:12:31Z,github-actions[bot],false,false
stackflow,139093459,@stackflow/compat-await-push@1.1.7,2024-01-30T10:12:34Z,github-actions[bot],false,false
stackflow,138043205,@stackflow/plugin-history-sync@1.3.17,2024-01-22T20:16:04Z,github-actions[bot],false,false
stackflow,137916641,@stackflow/plugin-history-sync@1.3.16,2024-01-22T03:48:20Z,github-actions[bot],false,false
stackflow,137844417,@stackflow/plugin-stack-depth-change@1.1.1,2024-01-20T12:49:49Z,github-actions[bot],false,false
stackflow,137233814,@stackflow/plugin-history-sync@1.3.15,2024-01-16T14:41:55Z,github-actions[bot],false,false
stackflow,137183048,@stackflow/plugin-basic-ui@1.5.1,2024-01-16T09:26:15Z,github-actions[bot],false,false
stackflow,134976198,@stackflow/plugin-basic-ui@1.5.0,2023-12-23T14:08:05Z,github-actions[bot],false,false
stackflow,134907488,@stackflow/react@1.1.6,2023-12-22T13:49:13Z,github-actions[bot],false,false
stackflow,134907482,@stackflow/plugin-stack-depth-change@1.1.0,2023-12-22T13:49:10Z,github-actions[bot],false,false
stackflow,134907474,@stackflow/plugin-renderer-web@1.1.6,2023-12-22T13:49:04Z,github-actions[bot],false,false
stackflow,134907467,@stackflow/plugin-renderer-basic@1.1.6,2023-12-22T13:49:01Z,github-actions[bot],false,false
stackflow,134907461,@stackflow/plugin-preload@1.2.14,2023-12-22T13:48:58Z,github-actions[bot],false,false
stackflow,134907477,@stackflow/plugin-map-initial-activity@1.0.4,2023-12-22T13:49:07Z,github-actions[bot],false,false
stackflow,134907456,@stackflow/plugin-history-sync@1.3.14,2023-12-22T13:48:55Z,github-actions[bot],false,false
stackflow,134907454,@stackflow/plugin-google-analytics-4@1.1.8,2023-12-22T13:48:52Z,github-actions[bot],false,false
stackflow,134907445,@stackflow/plugin-devtools@0.1.7,2023-12-22T13:48:49Z,github-actions[bot],false,false
stackflow,134907437,@stackflow/plugin-basic-ui@1.4.2,2023-12-22T13:48:43Z,github-actions[bot],false,false
stackflow,134907440,@stackflow/link@1.3.15,2023-12-22T13:48:46Z,github-actions[bot],false,false
stackflow,134907500,@stackflow/eslint-config@1.0.2,2023-12-22T13:49:19Z,github-actions[bot],false,false
stackflow,134907493,@stackflow/esbuild-config@1.0.1,2023-12-22T13:49:16Z,github-actions[bot],false,false
stackflow,134907424,@stackflow/core@1.0.9,2023-12-22T13:48:37Z,github-actions[bot],false,false
stackflow,134907432,@stackflow/compat-await-push@1.1.6,2023-12-22T13:48:40Z,github-actions[bot],false,false
stackflow,132224948,@stackflow/plugin-basic-ui@1.4.1,2023-12-01T04:16:25Z,github-actions[bot],false,false
seed-design,222380899,@seed-design/webpack-plugin@0.0.30,2025-06-02T10:01:52Z,github-actions[bot],false,false
seed-design,222380970,@seed-design/vite-plugin@0.0.30,2025-06-02T10:02:10Z,github-actions[bot],false,false
seed-design,222380892,@seed-design/stackflow@0.0.30,2025-06-02T10:01:49Z,github-actions[bot],false,false
seed-design,222380873,@seed-design/rsbuild-plugin@0.0.30,2025-06-02T10:01:46Z,github-actions[bot],false,false
seed-design,222380933,@seed-design/react@0.0.30,2025-06-02T10:02:01Z,github-actions[bot],false,false
seed-design,222380957,@seed-design/react-tabs@0.0.7,2025-06-02T10:02:07Z,github-actions[bot],false,false
seed-design,222380923,@seed-design/react-pull-to-refresh@0.0.6,2025-06-02T10:01:58Z,github-actions[bot],false,false
seed-design,222380863,@seed-design/mcp@0.0.30,2025-06-02T10:01:43Z,github-actions[bot],false,false
seed-design,222380913,@seed-design/figma@0.0.30,2025-06-02T10:01:55Z,github-actions[bot],false,false
seed-design,222380944,@seed-design/css@0.0.30,2025-06-02T10:02:04Z,github-actions[bot],false,false
seed-design,222071806,@seed-design/webpack-plugin@0.0.29,2025-05-30T12:58:30Z,github-actions[bot],false,false
seed-design,222071761,@seed-design/vite-plugin@0.0.29,2025-05-30T12:58:21Z,github-actions[bot],false,false
seed-design,222071673,@seed-design/stackflow@0.0.29,2025-05-30T12:58:03Z,github-actions[bot],false,false
seed-design,222071798,@seed-design/rsbuild-plugin@0.0.29,2025-05-30T12:58:27Z,github-actions[bot],false,false
seed-design,222071568,@seed-design/react@0.0.29,2025-05-30T12:57:36Z,github-actions[bot],false,false
seed-design,222071707,@seed-design/react-toggle@0.0.4,2025-05-30T12:58:09Z,github-actions[bot],false,false
seed-design,222071742,@seed-design/react-text-field@0.0.4,2025-05-30T12:58:15Z,github-actions[bot],false,false
seed-design,222071753,@seed-design/react-tabs@0.0.6,2025-05-30T12:58:18Z,github-actions[bot],false,false
seed-design,222071698,@seed-design/react-switch@0.0.4,2025-05-30T12:58:06Z,github-actions[bot],false,false
seed-design,222071610,@seed-design/react-snackbar@0.0.5,2025-05-30T12:57:51Z,github-actions[bot],false,false
seed-design,222071588,@seed-design/react-segmented-control@0.0.5,2025-05-30T12:57:42Z,github-actions[bot],false,false
seed-design,222071784,@seed-design/react-radio-group@0.0.4,2025-05-30T12:58:24Z,github-actions[bot],false,false
seed-design,222071717,@seed-design/react-pull-to-refresh@0.0.5,2025-05-30T12:58:12Z,github-actions[bot],false,false
seed-design,222071649,@seed-design/react-progress@0.0.4,2025-05-30T12:57:57Z,github-actions[bot],false,false
seed-design,222071593,@seed-design/react-primitive@0.0.3,2025-05-30T12:57:45Z,github-actions[bot],false,false
seed-design,222071600,@seed-design/react-popover@0.0.7,2025-05-30T12:57:48Z,github-actions[bot],false,false
seed-design,222071580,@seed-design/react-dialog@0.0.5,2025-05-30T12:57:39Z,github-actions[bot],false,false
seed-design,222071561,@seed-design/react-checkbox@0.0.4,2025-05-30T12:57:33Z,github-actions[bot],false,false
seed-design,222071536,@seed-design/react-avatar@0.0.4,2025-05-30T12:57:28Z,github-actions[bot],false,false
seed-design,222071620,@seed-design/mcp@0.0.29,2025-05-30T12:57:54Z,github-actions[bot],false,false
seed-design,222071657,@seed-design/figma@0.0.29,2025-05-30T12:58:00Z,github-actions[bot],false,false
seed-design,222071550,@seed-design/css@0.0.29,2025-05-30T12:57:30Z,github-actions[bot],false,false
seed-design,221797888,@seed-design/webpack-plugin@0.0.28,2025-05-29T10:43:30Z,github-actions[bot],false,false
seed-design,221722515,@seed-design/webpack-plugin@0.0.27,2025-05-29T04:12:14Z,github-actions[bot],false,false
seed-design,221797868,@seed-design/vite-plugin@0.0.28,2025-05-29T10:43:24Z,github-actions[bot],false,false
seed-design,221722510,@seed-design/vite-plugin@0.0.27,2025-05-29T04:12:08Z,github-actions[bot],false,false
seed-design,221797879,@seed-design/stackflow@0.0.28,2025-05-29T10:43:27Z,github-actions[bot],false,false
seed-design,221722557,@seed-design/stackflow@0.0.27,2025-05-29T04:12:41Z,github-actions[bot],false,false
seed-design,221797900,@seed-design/rsbuild-plugin@0.0.28,2025-05-29T10:43:33Z,github-actions[bot],false,false
seed-design,221722529,@seed-design/rsbuild-plugin@0.0.27,2025-05-29T04:12:23Z,github-actions[bot],false,false
seed-design,221797857,@seed-design/react@0.0.28,2025-05-29T10:43:21Z,github-actions[bot],false,false
seed-design,221722539,@seed-design/react@0.0.27,2025-05-29T04:12:29Z,github-actions[bot],false,false
seed-design,221722475,@seed-design/react-toggle@0.0.3,2025-05-29T04:11:53Z,github-actions[bot],false,false
seed-design,221722535,@seed-design/react-text-field@0.0.3,2025-05-29T04:12:26Z,github-actions[bot],false,false
seed-design,221722546,@seed-design/react-tabs@0.0.5,2025-05-29T04:12:35Z,github-actions[bot],false,false
seed-design,221722512,@seed-design/react-switch@0.0.3,2025-05-29T04:12:11Z,github-actions[bot],false,false
seed-design,221722543,@seed-design/react-snackbar@0.0.4,2025-05-29T04:12:32Z,github-actions[bot],false,false
seed-design,221722552,@seed-design/react-segmented-control@0.0.4,2025-05-29T04:12:38Z,github-actions[bot],false,false
seed-design,221722430,@seed-design/react-radio-group@0.0.3,2025-05-29T04:11:38Z,github-actions[bot],false,false
seed-design,221722527,@seed-design/react-pull-to-refresh@0.0.4,2025-05-29T04:12:20Z,github-actions[bot],false,false
seed-design,221722505,@seed-design/react-progress@0.0.3,2025-05-29T04:12:05Z,github-actions[bot],false,false
seed-design,221722442,@seed-design/react-portal@0.0.2,2025-05-29T04:11:41Z,github-actions[bot],false,false
seed-design,221722501,@seed-design/react-popover@0.0.6,2025-05-29T04:12:02Z,github-actions[bot],false,false
seed-design,221722485,@seed-design/react-dialog@0.0.4,2025-05-29T04:11:56Z,github-actions[bot],false,false
seed-design,221722458,@seed-design/react-checkbox@0.0.3,2025-05-29T04:11:47Z,github-actions[bot],false,false
seed-design,221722466,@seed-design/react-avatar@0.0.3,2025-05-29T04:11:50Z,github-actions[bot],false,false
seed-design,221797839,@seed-design/mcp@0.0.28,2025-05-29T10:43:15Z,github-actions[bot],false,false
seed-design,221722450,@seed-design/mcp@0.0.27,2025-05-29T04:11:44Z,github-actions[bot],false,false
seed-design,221797824,@seed-design/figma@0.0.28,2025-05-29T10:43:12Z,github-actions[bot],false,false
seed-design,221722419,@seed-design/figma@0.0.27,2025-05-29T04:11:35Z,github-actions[bot],false,false
seed-design,221797849,@seed-design/css@0.0.28,2025-05-29T10:43:18Z,github-actions[bot],false,false
seed-design,221722496,@seed-design/css@0.0.27,2025-05-29T04:11:59Z,github-actions[bot],false,false
seed-design,221722520,@seed-design/codemod@0.0.25,2025-05-29T04:12:17Z,github-actions[bot],false,false
seed-design,219997061,@seed-design/webpack-plugin@0.0.26,2025-05-21T08:31:41Z,github-actions[bot],false,false
seed-design,219997041,@seed-design/vite-plugin@0.0.26,2025-05-21T08:31:35Z,github-actions[bot],false,false
seed-design,219997029,@seed-design/rsbuild-plugin@0.0.26,2025-05-21T08:31:32Z,github-actions[bot],false,false
seed-design,219997050,@seed-design/codemod@0.0.24,2025-05-21T08:31:38Z,github-actions[bot],false,false
seed-design,219395237,@seed-design/webpack-plugin@0.0.25,2025-05-19T05:02:38Z,github-actions[bot],false,false
seed-design,219395245,@seed-design/vite-plugin@0.0.25,2025-05-19T05:02:44Z,github-actions[bot],false,false
seed-design,219395223,@seed-design/stackflow@0.0.25,2025-05-19T05:02:29Z,github-actions[bot],false,false
seed-design,219395255,@seed-design/rsbuild-plugin@0.0.25,2025-05-19T05:02:53Z,github-actions[bot],false,false
seed-design,219395250,@seed-design/react@0.0.25,2025-05-19T05:02:50Z,github-actions[bot],false,false
seed-design,219395242,@seed-design/mcp@0.0.25,2025-05-19T05:02:41Z,github-actions[bot],false,false
seed-design,219395232,@seed-design/figma@0.0.25,2025-05-19T05:02:35Z,github-actions[bot],false,false
seed-design,219395231,@seed-design/css@0.0.25,2025-05-19T05:02:32Z,github-actions[bot],false,false
seed-design,219395247,@seed-design/codemod@0.0.23,2025-05-19T05:02:47Z,github-actions[bot],false,false
seed-design,217229297,@seed-design/webpack-plugin@0.0.24,2025-05-08T05:35:03Z,github-actions[bot],false,false
seed-design,217229341,@seed-design/vite-plugin@0.0.24,2025-05-08T05:35:26Z,github-actions[bot],false,false
seed-design,217229335,@seed-design/stackflow@0.0.24,2025-05-08T05:35:23Z,github-actions[bot],false,false
seed-design,217229326,@seed-design/rsbuild-plugin@0.0.24,2025-05-08T05:35:20Z,github-actions[bot],false,false
seed-design,217229311,@seed-design/react@0.0.24,2025-05-08T05:35:11Z,github-actions[bot],false,false
seed-design,217229319,@seed-design/react-portal@0.0.1,2025-05-08T05:35:17Z,github-actions[bot],false,false
seed-design,217229312,@seed-design/mcp@0.0.24,2025-05-08T05:35:14Z,github-actions[bot],false,false
seed-design,217229305,@seed-design/figma@0.0.24,2025-05-08T05:35:08Z,github-actions[bot],false,false
seed-design,217229303,@seed-design/css@0.0.24,2025-05-08T05:35:05Z,github-actions[bot],false,false
seed-design,216123379,@seed-design/webpack-plugin@0.0.23,2025-05-02T08:30:29Z,github-actions[bot],false,false
seed-design,216123367,@seed-design/vite-plugin@0.0.23,2025-05-02T08:30:23Z,github-actions[bot],false,false
seed-design,216123377,@seed-design/stackflow@0.0.23,2025-05-02T08:30:26Z,github-actions[bot],false,false
seed-design,216123361,@seed-design/rsbuild-plugin@0.0.23,2025-05-02T08:30:20Z,github-actions[bot],false,false
seed-design,216123350,@seed-design/react@0.0.23,2025-05-02T08:30:17Z,github-actions[bot],false,false
seed-design,216123345,@seed-design/mcp@0.0.23,2025-05-02T08:30:14Z,github-actions[bot],false,false
seed-design,216123326,@seed-design/figma@0.0.23,2025-05-02T08:30:08Z,github-actions[bot],false,false
seed-design,216123335,@seed-design/css@0.0.23,2025-05-02T08:30:11Z,github-actions[bot],false,false
seed-design,215189732,@seed-design/webpack-plugin@0.0.21,2025-04-28T13:50:31Z,github-actions[bot],false,false
seed-design,215189699,@seed-design/vite-plugin@0.0.21,2025-04-28T13:50:25Z,github-actions[bot],false,false
seed-design,215189745,@seed-design/tailwind4-theme@0.0.21,2025-04-28T13:50:34Z,github-actions[bot],false,false
seed-design,215189679,@seed-design/tailwind3-plugin@0.0.21,2025-04-28T13:50:22Z,github-actions[bot],false,false
seed-design,215189670,@seed-design/stackflow@0.0.21,2025-04-28T13:50:19Z,github-actions[bot],false,false
seed-design,215189654,@seed-design/rsbuild-plugin@0.0.21,2025-04-28T13:50:16Z,github-actions[bot],false,false
seed-design,215189447,@seed-design/react@0.0.21,2025-04-28T13:49:28Z,github-actions[bot],false,false
seed-design,215189646,@seed-design/react-toggle@0.0.2,2025-04-28T13:50:13Z,github-actions[bot],false,false
seed-design,215189634,@seed-design/react-text-field@0.0.2,2025-04-28T13:50:10Z,github-actions[bot],false,false
seed-design,215189609,@seed-design/react-tabs@0.0.4,2025-04-28T13:50:04Z,github-actions[bot],false,false
seed-design,215189623,@seed-design/react-switch@0.0.2,2025-04-28T13:50:07Z,github-actions[bot],false,false
seed-design,215189597,@seed-design/react-snackbar@0.0.3,2025-04-28T13:50:01Z,github-actions[bot],false,false
seed-design,215189571,@seed-design/react-segmented-control@0.0.3,2025-04-28T13:49:55Z,github-actions[bot],false,false
seed-design,215189563,@seed-design/react-radio-group@0.0.2,2025-04-28T13:49:52Z,github-actions[bot],false,false
seed-design,215189545,@seed-design/react-pull-to-refresh@0.0.3,2025-04-28T13:49:49Z,github-actions[bot],false,false
seed-design,215189589,@seed-design/react-progress@0.0.2,2025-04-28T13:49:58Z,github-actions[bot],false,false
seed-design,215189499,@seed-design/react-primitive@0.0.2,2025-04-28T13:49:40Z,github-actions[bot],false,false
seed-design,215189515,@seed-design/react-popover@0.0.5,2025-04-28T13:49:43Z,github-actions[bot],false,false
seed-design,215189530,@seed-design/react-dialog@0.0.3,2025-04-28T13:49:46Z,github-actions[bot],false,false
seed-design,215189476,@seed-design/react-checkbox@0.0.2,2025-04-28T13:49:34Z,github-actions[bot],false,false
seed-design,215189486,@seed-design/react-avatar@0.0.2,2025-04-28T13:49:37Z,github-actions[bot],false,false
seed-design,215248663,@seed-design/mcp@0.0.22,2025-04-28T17:13:07Z,github-actions[bot],false,false
seed-design,215189437,@seed-design/mcp@0.0.21,2025-04-28T13:49:25Z,github-actions[bot],false,false
seed-design,215248644,@seed-design/figma@0.0.22,2025-04-28T17:13:04Z,github-actions[bot],false,false
seed-design,215189458,@seed-design/figma@0.0.21,2025-04-28T13:49:31Z,github-actions[bot],false,false
seed-design,215189351,@seed-design/figma-extractor@0.0.4,2025-04-28T13:49:10Z,github-actions[bot],false,false
seed-design,215189722,@seed-design/dom-utils@0.0.2,2025-04-28T13:50:28Z,github-actions[bot],false,false
seed-design,215189427,@seed-design/design-token@1.0.4,2025-04-28T13:49:22Z,github-actions[bot],false,false
seed-design,215189406,@seed-design/css@0.0.21,2025-04-28T13:49:19Z,github-actions[bot],false,false
seed-design,215189391,@seed-design/codemod@0.0.22,2025-04-28T13:49:16Z,github-actions[bot],false,false
seed-design,215189366,@seed-design/cli@0.0.2,2025-04-28T13:49:13Z,github-actions[bot],false,false
seed-design,214161549,@seed-design/webpack-plugin@0.0.19,2025-04-23T09:32:46Z,github-actions[bot],false,false
seed-design,214161520,@seed-design/vite-plugin@0.0.19,2025-04-23T09:32:40Z,github-actions[bot],false,false
seed-design,214161499,@seed-design/stackflow@0.0.19,2025-04-23T09:32:37Z,github-actions[bot],false,false
seed-design,214161494,@seed-design/rsbuild-plugin@0.0.19,2025-04-23T09:32:34Z,github-actions[bot],false,false
seed-design,214161534,@seed-design/react@0.0.19,2025-04-23T09:32:43Z,github-actions[bot],false,false
seed-design,214259639,@seed-design/mcp@0.0.20,2025-04-23T15:07:38Z,github-actions[bot],false,false
seed-design,214161487,@seed-design/mcp@0.0.19,2025-04-23T09:32:31Z,github-actions[bot],false,false
seed-design,214259626,@seed-design/figma@0.0.20,2025-04-23T15:07:35Z,github-actions[bot],false,false
seed-design,214161472,@seed-design/figma@0.0.19,2025-04-23T09:32:25Z,github-actions[bot],false,false
seed-design,214161479,@seed-design/css@0.0.19,2025-04-23T09:32:28Z,github-actions[bot],false,false
seed-design,213865211,@seed-design/webpack-plugin@0.0.17,2025-04-22T08:33:26Z,github-actions[bot],false,false
seed-design,213831450,@seed-design/webpack-plugin@0.0.15,2025-04-22T05:01:10Z,github-actions[bot],false,false
seed-design,213865219,@seed-design/vite-plugin@0.0.17,2025-04-22T08:33:29Z,github-actions[bot],false,false
seed-design,213831427,@seed-design/vite-plugin@0.0.15,2025-04-22T05:01:01Z,github-actions[bot],false,false
seed-design,213865230,@seed-design/stackflow@0.0.17,2025-04-22T08:33:32Z,github-actions[bot],false,false
seed-design,213831455,@seed-design/stackflow@0.0.15,2025-04-22T05:01:13Z,github-actions[bot],false,false
seed-design,213865197,@seed-design/rsbuild-plugin@0.0.17,2025-04-22T08:33:23Z,github-actions[bot],false,false
seed-design,213831440,@seed-design/rsbuild-plugin@0.0.15,2025-04-22T05:01:04Z,github-actions[bot],false,false
seed-design,213865185,@seed-design/react@0.0.17,2025-04-22T08:33:20Z,github-actions[bot],false,false
seed-design,213831461,@seed-design/react@0.0.15,2025-04-22T05:01:16Z,github-actions[bot],false,false
seed-design,213831421,@seed-design/react-popover@0.0.4,2025-04-22T05:00:58Z,github-actions[bot],false,false
seed-design,213989320,@seed-design/mcp@0.0.18,2025-04-22T16:41:43Z,github-actions[bot],false,false
seed-design,213865165,@seed-design/mcp@0.0.17,2025-04-22T08:33:14Z,github-actions[bot],false,false
seed-design,213853918,@seed-design/mcp@0.0.16,2025-04-22T07:38:29Z,github-actions[bot],false,false
seed-design,213831442,@seed-design/mcp@0.0.15,2025-04-22T05:01:07Z,github-actions[bot],false,false
seed-design,213989311,@seed-design/figma@0.0.18,2025-04-22T16:41:40Z,github-actions[bot],false,false
seed-design,213865173,@seed-design/figma@0.0.17,2025-04-22T08:33:17Z,github-actions[bot],false,false
seed-design,213831417,@seed-design/figma@0.0.15,2025-04-22T05:00:55Z,github-actions[bot],false,false
seed-design,213865149,@seed-design/css@0.0.17,2025-04-22T08:33:11Z,github-actions[bot],false,false
seed-design,213831412,@seed-design/css@0.0.15,2025-04-22T05:00:52Z,github-actions[bot],false,false
seed-design,213299301,@seed-design/webpack-plugin@0.0.14,2025-04-18T10:13:08Z,github-actions[bot],false,false
seed-design,213299294,@seed-design/vite-plugin@0.0.14,2025-04-18T10:13:05Z,github-actions[bot],false,false
seed-design,213299285,@seed-design/stackflow@0.0.14,2025-04-18T10:13:02Z,github-actions[bot],false,false
seed-design,213299278,@seed-design/rsbuild-plugin@0.0.14,2025-04-18T10:12:59Z,github-actions[bot],false,false
seed-design,213299270,@seed-design/react@0.0.14,2025-04-18T10:12:53Z,github-actions[bot],false,false
seed-design,213299274,@seed-design/react-popover@0.0.3,2025-04-18T10:12:56Z,github-actions[bot],false,false
seed-design,213299256,@seed-design/mcp@0.0.6,2025-04-18T10:12:47Z,github-actions[bot],false,false
seed-design,213299263,@seed-design/figma@0.0.6,2025-04-18T10:12:50Z,github-actions[bot],false,false
seed-design,213299254,@seed-design/css@0.0.14,2025-04-18T10:12:44Z,github-actions[bot],false,false
seed-design,212859283,@seed-design/webpack-plugin@0.0.13,2025-04-16T16:17:36Z,github-actions[bot],false,false
seed-design,212859259,@seed-design/vite-plugin@0.0.13,2025-04-16T16:17:30Z,github-actions[bot],false,false
seed-design,212859270,@seed-design/stackflow@0.0.13,2025-04-16T16:17:33Z,github-actions[bot],false,false
seed-design,212859212,@seed-design/rsbuild-plugin@0.0.13,2025-04-16T16:17:18Z,github-actions[bot],false,false
seed-design,212859221,@seed-design/react@0.0.13,2025-04-16T16:17:21Z,github-actions[bot],false,false
seed-design,212859236,@seed-design/react-pull-to-refresh@0.0.2,2025-04-16T16:17:24Z,github-actions[bot],false,false
seed-design,212859249,@seed-design/mcp@0.0.5,2025-04-16T16:17:27Z,github-actions[bot],false,false
seed-design,212859204,@seed-design/figma@0.0.5,2025-04-16T16:17:15Z,github-actions[bot],false,false
seed-design,212859195,@seed-design/css@0.0.13,2025-04-16T16:17:12Z,github-actions[bot],false,false
seed-design,210643191,@seed-design/codemod@0.0.21,2025-04-07T03:31:39Z,github-actions[bot],false,false
seed-design,207883180,@seed-design/codemod@0.0.19,2025-03-24T15:20:59Z,github-actions[bot],false,false
seed-design,206566708,@seed-design/webpack-plugin@0.0.8,2025-03-18T14:03:56Z,github-actions[bot],false,false
seed-design,206566691,@seed-design/vite-plugin@0.0.8,2025-03-18T14:03:53Z,github-actions[bot],false,false
seed-design,206566724,@seed-design/stackflow@0.0.8,2025-03-18T14:03:59Z,github-actions[bot],false,false
seed-design,206566665,@seed-design/rsbuild-plugin@0.0.8,2025-03-18T14:03:47Z,github-actions[bot],false,false
seed-design,206566674,@seed-design/react@0.0.8,2025-03-18T14:03:50Z,github-actions[bot],false,false
seed-design,206566651,@seed-design/migration-index@0.0.18,2025-03-18T14:03:44Z,github-actions[bot],false,false
seed-design,206566736,@seed-design/css@0.0.8,2025-03-18T14:04:02Z,github-actions[bot],false,false
seed-design,206566637,@seed-design/codemod@0.0.18,2025-03-18T14:03:41Z,github-actions[bot],false,false
seed-design,205746390,@seed-design/codemod@0.0.17,2025-03-14T03:02:56Z,github-actions[bot],false,false
seed-design,205628818,@seed-design/webpack-plugin@0.0.7,2025-03-13T15:55:12Z,github-actions[bot],false,false
seed-design,205624890,@seed-design/webpack-plugin@0.0.6,2025-03-13T15:42:25Z,github-actions[bot],false,false
seed-design,205628792,@seed-design/vite-plugin@0.0.7,2025-03-13T15:55:06Z,github-actions[bot],false,false
seed-design,205624908,@seed-design/vite-plugin@0.0.6,2025-03-13T15:42:31Z,github-actions[bot],false,false
seed-design,205628807,@seed-design/stackflow@0.0.7,2025-03-13T15:55:09Z,github-actions[bot],false,false
seed-design,205624874,@seed-design/stackflow@0.0.6,2025-03-13T15:42:22Z,github-actions[bot],false,false
seed-design,205628773,@seed-design/rsbuild-plugin@0.0.7,2025-03-13T15:55:03Z,github-actions[bot],false,false
seed-design,205624861,@seed-design/rsbuild-plugin@0.0.6,2025-03-13T15:42:19Z,github-actions[bot],false,false
seed-design,205628748,@seed-design/react@0.0.7,2025-03-13T15:55:00Z,github-actions[bot],false,false
seed-design,205624842,@seed-design/react@0.0.6,2025-03-13T15:42:16Z,github-actions[bot],false,false
seed-design,205624831,@seed-design/migration-index@0.0.3,2025-03-13T15:42:13Z,github-actions[bot],false,false
seed-design,205628736,@seed-design/css@0.0.7,2025-03-13T15:54:57Z,github-actions[bot],false,false
seed-design,205624900,@seed-design/css@0.0.6,2025-03-13T15:42:28Z,github-actions[bot],false,false
seed-design,205650333,@seed-design/codemod@0.0.16,2025-03-13T17:07:15Z,github-actions[bot],false,false
seed-design,205624816,@seed-design/codemod@0.0.15,2025-03-13T15:42:10Z,github-actions[bot],false,false
seed-design,204649018,@seed-design/webpack-plugin@0.0.5,2025-03-10T05:24:20Z,github-actions[bot],false,false
seed-design,204649014,@seed-design/vite-plugin@0.0.5,2025-03-10T05:24:17Z,github-actions[bot],false,false
seed-design,204648999,@seed-design/stackflow@0.0.5,2025-03-10T05:24:11Z,github-actions[bot],false,false
seed-design,204648990,@seed-design/rsbuild-plugin@0.0.5,2025-03-10T05:24:08Z,github-actions[bot],false,false
seed-design,204649007,@seed-design/react@0.0.5,2025-03-10T05:24:14Z,github-actions[bot],false,false
seed-design,204648985,@seed-design/css@0.0.5,2025-03-10T05:24:02Z,github-actions[bot],false,false
seed-design,204648989,@seed-design/codemod@0.0.14,2025-03-10T05:24:05Z,github-actions[bot],false,false
seed-design,203739146,@seed-design/webpack-plugin@0.0.4,2025-03-05T01:12:27Z,github-actions[bot],false,false
seed-design,203739140,@seed-design/vite-plugin@0.0.4,2025-03-05T01:12:24Z,github-actions[bot],false,false
seed-design,203739134,@seed-design/stackflow@0.0.4,2025-03-05T01:12:21Z,github-actions[bot],false,false
seed-design,203739132,@seed-design/rsbuild-plugin@0.0.4,2025-03-05T01:12:18Z,github-actions[bot],false,false
seed-design,203739129,@seed-design/react@0.0.4,2025-03-05T01:12:12Z,github-actions[bot],false,false
seed-design,203739130,@seed-design/css@0.0.4,2025-03-05T01:12:15Z,github-actions[bot],false,false
seed-design,203482078,@seed-design/webpack-plugin@0.0.3,2025-03-04T03:38:49Z,github-actions[bot],false,false
seed-design,203482056,@seed-design/vite-plugin@0.0.3,2025-03-04T03:38:46Z,github-actions[bot],false,false
seed-design,203482000,@seed-design/stackflow@0.0.3,2025-03-04T03:38:37Z,github-actions[bot],false,false
seed-design,203482015,@seed-design/rsbuild-plugin@0.0.3,2025-03-04T03:38:40Z,github-actions[bot],false,false
seed-design,203482029,@seed-design/react@0.0.3,2025-03-04T03:38:43Z,github-actions[bot],false,false
seed-design,203481985,@seed-design/migration-index@0.0.2,2025-03-04T03:38:34Z,github-actions[bot],false,false
seed-design,203481954,@seed-design/css@0.0.3,2025-03-04T03:38:28Z,github-actions[bot],false,false
seed-design,203481973,@seed-design/codemod@0.0.13,2025-03-04T03:38:31Z,github-actions[bot],false,false
seed-design,202246011,@seed-design/webpack-plugin@0.0.2,2025-02-25T09:37:25Z,github-actions[bot],false,false
seed-design,202246018,@seed-design/vite-plugin@0.0.2,2025-02-25T09:37:28Z,github-actions[bot],false,false
seed-design,202246000,@seed-design/stylesheet@1.1.1,2025-02-25T09:37:22Z,github-actions[bot],false,false
seed-design,202245978,@seed-design/stackflow@0.0.2,2025-02-25T09:37:16Z,github-actions[bot],false,false
seed-design,202245991,@seed-design/react@0.0.2,2025-02-25T09:37:19Z,github-actions[bot],false,false
seed-design,202245970,@seed-design/css@0.0.2,2025-02-25T09:37:13Z,github-actions[bot],false,false
seed-design,202140897,@seed-design/webpack-plugin@0.0.1,2025-02-24T21:17:12Z,github-actions[bot],false,false
seed-design,202140876,@seed-design/vite-plugin@0.0.1,2025-02-24T21:17:07Z,github-actions[bot],false,false
seed-design,202140906,@seed-design/stylesheet@1.1.0,2025-02-24T21:17:15Z,github-actions[bot],false,false
seed-design,202140885,@seed-design/stackflow@0.0.1,2025-02-24T21:17:09Z,github-actions[bot],false,false
seed-design,202140690,@seed-design/react@0.0.1,2025-02-24T21:16:15Z,github-actions[bot],false,false
seed-design,202140827,@seed-design/react-toggle@0.0.1,2025-02-24T21:16:54Z,github-actions[bot],false,false
seed-design,202140849,@seed-design/react-theming@2.1.5,2025-02-24T21:17:00Z,github-actions[bot],false,false
seed-design,202140836,@seed-design/react-text-field@0.0.1,2025-02-24T21:16:57Z,github-actions[bot],false,false
seed-design,202140806,@seed-design/react-tabs@0.0.1,2025-02-24T21:16:48Z,github-actions[bot],false,false
seed-design,202140815,@seed-design/react-switch@0.0.1,2025-02-24T21:16:51Z,github-actions[bot],false,false
seed-design,202140795,@seed-design/react-snackbar@0.0.1,2025-02-24T21:16:45Z,github-actions[bot],false,false
seed-design,202140773,@seed-design/react-segmented-control@0.0.1,2025-02-24T21:16:39Z,github-actions[bot],false,false
seed-design,202140760,@seed-design/react-radio-group@0.0.1,2025-02-24T21:16:36Z,github-actions[bot],false,false
seed-design,202140782,@seed-design/react-pull-to-refresh@0.0.1,2025-02-24T21:16:42Z,github-actions[bot],false,false
seed-design,202140747,@seed-design/react-progress@0.0.1,2025-02-24T21:16:33Z,github-actions[bot],false,false
seed-design,202140734,@seed-design/react-primitive@0.0.1,2025-02-24T21:16:30Z,github-actions[bot],false,false
seed-design,202140728,@seed-design/react-popover@0.0.1,2025-02-24T21:16:27Z,github-actions[bot],false,false
seed-design,202140719,@seed-design/react-dialog@0.0.1,2025-02-24T21:16:24Z,github-actions[bot],false,false
seed-design,202140713,@seed-design/react-checkbox@0.0.1,2025-02-24T21:16:21Z,github-actions[bot],false,false
seed-design,202140701,@seed-design/react-avatar@0.0.1,2025-02-24T21:16:18Z,github-actions[bot],false,false
seed-design,202140674,@seed-design/migration-index@0.0.1,2025-02-24T21:16:09Z,github-actions[bot],false,false
seed-design,202140864,@seed-design/dom-utils@0.0.1,2025-02-24T21:17:03Z,github-actions[bot],false,false
seed-design,202140684,@seed-design/css@0.0.1,2025-02-24T21:16:12Z,github-actions[bot],false,false
seed-design,202140659,@seed-design/codemod@0.0.12,2025-02-24T21:16:06Z,github-actions[bot],false,false
seed-design,202140650,@seed-design/cli@0.0.1,2025-02-24T21:16:04Z,github-actions[bot],false,false
seed-design,201347618,@seed-design/stackflow@0.0.1-rc.1,2025-02-20T06:47:23Z,github-actions[bot],false,true
seed-design,201347627,@seed-design/react@0.0.1-rc.2,2025-02-20T06:47:26Z,github-actions[bot],false,true
seed-design,201324482,@seed-design/migration-index@0.0.1-rc.0,2025-02-20T02:58:02Z,github-actions[bot],false,true
seed-design,201347606,@seed-design/css@0.0.1-rc.1,2025-02-20T06:47:17Z,github-actions[bot],false,true
seed-design,201347611,@seed-design/codemod@0.0.12-rc.3,2025-02-20T06:47:20Z,github-actions[bot],false,true
seed-design,201331247,@seed-design/codemod@0.0.12-rc.2,2025-02-20T03:38:17Z,github-actions[bot],false,true
seed-design,201327330,@seed-design/codemod@0.0.12-rc.1,2025-02-20T03:25:04Z,github-actions[bot],false,true
seed-design,201324477,@seed-design/codemod@0.0.12-rc.0,2025-02-20T02:57:59Z,github-actions[bot],false,true
seed-design,200977605,@seed-design/stackflow@0.0.1-rc.0,2025-02-18T17:14:22Z,github-actions[bot],false,true
seed-design,200981151,@seed-design/react@0.0.1-rc.1,2025-02-18T17:29:03Z,github-actions[bot],false,true
seed-design,200977616,@seed-design/react@0.0.1-rc.0,2025-02-18T17:14:25Z,github-actions[bot],false,true
seed-design,200977572,@seed-design/react-toggle@0.0.1-rc.0,2025-02-18T17:14:13Z,github-actions[bot],false,true
seed-design,200977561,@seed-design/react-text-field@0.0.1-rc.0,2025-02-18T17:14:10Z,github-actions[bot],false,true
seed-design,200977552,@seed-design/react-tabs@0.0.1-rc.0,2025-02-18T17:14:07Z,github-actions[bot],false,true
seed-design,200977535,@seed-design/react-switch@0.0.1-rc.0,2025-02-18T17:14:04Z,github-actions[bot],false,true
seed-design,200977585,@seed-design/react-snackbar@0.0.1-rc.0,2025-02-18T17:14:16Z,github-actions[bot],false,true
seed-design,200977521,@seed-design/react-segmented-control@0.0.1-rc.0,2025-02-18T17:14:01Z,github-actions[bot],false,true
seed-design,200977510,@seed-design/react-radio-group@0.0.1-rc.0,2025-02-18T17:13:58Z,github-actions[bot],false,true
seed-design,200977499,@seed-design/react-pull-to-refresh@0.0.1-rc.0,2025-02-18T17:13:56Z,github-actions[bot],false,true
seed-design,200977486,@seed-design/react-progress@0.0.1-rc.0,2025-02-18T17:13:52Z,github-actions[bot],false,true
seed-design,200977476,@seed-design/react-popover@0.0.1-rc.0,2025-02-18T17:13:49Z,github-actions[bot],false,true
seed-design,200977456,@seed-design/react-dialog@0.0.1-rc.0,2025-02-18T17:13:43Z,github-actions[bot],false,true
seed-design,200977446,@seed-design/react-checkbox@0.0.1-rc.0,2025-02-18T17:13:40Z,github-actions[bot],false,true
seed-design,200977595,@seed-design/react-avatar@0.0.1-rc.0,2025-02-18T17:14:19Z,github-actions[bot],false,true
seed-design,200977466,@seed-design/css@0.0.1-rc.0,2025-02-18T17:13:46Z,github-actions[bot],false,true
seed-design,138847335,@seed-design/stylesheet@1.0.4,2024-01-29T04:00:36Z,github-actions[bot],false,false
seed-design,114438677,@seed-design/react-theming@2.1.4,2023-07-31T06:36:20Z,github-actions[bot],false,false
seed-design,112454829,gatsby-plugin-seed-design@0.2.7,2023-07-17T08:03:28Z,github-actions[bot],false,false
seed-design,111075287,@seed-design/icon-deprecated@0.2.1,2023-07-05T08:43:32Z,github-actions[bot],false,false
seed-design,103912580,@seed-design/design-token@1.0.3,2023-05-23T08:09:37Z,github-actions[bot],false,false
seed-design,100752465,gatsby-plugin-seed-design@0.2.6,2023-04-25T06:45:41Z,github-actions[bot],false,false
seed-design,100017145,@seed-design/icon@0.2.1,2023-04-19T08:21:33Z,github-actions[bot],false,false
seed-design,100003940,@seed-design/icon@0.2.0,2023-04-19T06:19:40Z,github-actions[bot],false,false
seed-design,99527658,@seed-design/design-token@1.0.1,2023-04-14T10:53:23Z,github-actions[bot],false,false
seed-design,95267038,@seed-design/icon@0.1.13,2023-03-11T00:30:52Z,github-actions[bot],false,false
seed-design,95227513,@seed-design/icon@0.1.12,2023-03-10T16:15:35Z,github-actions[bot],false,false
seed-design,95214135,@seed-design/icon@0.1.11,2023-03-10T14:36:00Z,github-actions[bot],false,false
seed-design,95009944,@seed-design/icon@0.1.10,2023-03-09T02:38:20Z,github-actions[bot],false,false
seed-design,93397774,@seed-design/icon@0.1.8,2023-02-23T06:01:48Z,github-actions[bot],false,false
seed-design,93111624,@seed-design/icon@0.1.7,2023-02-21T04:33:20Z,github-actions[bot],false,false
seed-design,93001119,@seed-design/icon@0.1.6,2023-02-20T09:43:48Z,github-actions[bot],false,false
seed-design,92999141,@seed-design/icon@0.1.5,2023-02-20T09:25:40Z,github-actions[bot],false,false
seed-design,92986319,@seed-design/icon@0.1.4,2023-02-20T06:52:05Z,github-actions[bot],false,false
seed-design,92816116,@seed-design/icon@0.1.2,2023-02-17T09:53:33Z,github-actions[bot],false,false
seed-design,92807965,@seed-design/icon@0.1.1,2023-02-17T08:26:01Z,github-actions[bot],false,false
seed-design,92349978,@seed-design/icon@0.1.0,2023-02-14T12:27:10Z,github-actions[bot],false,false
seed-design,92189215,@seed-design/icon@0.0.8,2023-02-13T09:26:05Z,github-actions[bot],false,false
seed-design,92172831,@seed-design/icon@0.0.7,2023-02-13T05:31:33Z,github-actions[bot],false,false
seed-design,91838730,@seed-design/icon@0.0.6,2023-02-09T05:16:48Z,github-actions[bot],false,false
seed-design,91838243,@seed-design/icon@0.0.5,2023-02-09T05:05:18Z,github-actions[bot],false,false
seed-design,91836229,@seed-design/icon@0.0.4,2023-02-09T04:15:50Z,github-actions[bot],false,false
seed-design,91834827,@seed-design/icon@0.0.3,2023-02-09T03:50:51Z,github-actions[bot],false,false
seed-design,91829130,@seed-design/icon@0.0.2,2023-02-09T01:56:25Z,github-actions[bot],false,false
seed-design,91757170,@seed-design/icon@0.0.1,2023-02-08T15:05:14Z,github-actions[bot],false,false
seed-design,89344758,gatsby-plugin-seed-design@0.2.5,2023-01-18T05:12:49Z,github-actions[bot],false,false
seed-design,89344757,@seed-design/stylesheet@1.0.3,2023-01-18T05:12:49Z,github-actions[bot],false,false
seed-design,85523241,gatsby-plugin-seed-design@0.2.4,2022-12-09T07:10:39Z,github-actions[bot],false,false
seed-design,85523242,@seed-design/stylesheet@1.0.2,2022-12-09T07:10:39Z,github-actions[bot],false,false
seed-design,85410342,gatsby-plugin-seed-design@0.2.3,2022-12-08T09:58:03Z,github-actions[bot],false,false
seed-design,85402668,gatsby-plugin-seed-design@0.2.2,2022-12-08T08:58:25Z,github-actions[bot],false,false
seed-design,85402669,@seed-design/react-theming@2.1.2,2022-12-08T08:58:25Z,github-actions[bot],false,false
seed-design,84414926,gatsby-plugin-seed-design@0.2.1,2022-11-29T07:35:55Z,github-actions[bot],false,false
seed-design,84414925,@seed-design/react-theming@2.1.1,2022-11-29T07:35:55Z,github-actions[bot],false,false
seed-design,84159301,gatsby-plugin-seed-design@0.2.0,2022-11-25T08:36:23Z,github-actions[bot],false,false
seed-design,84150416,gatsby-plugin-seed-design@0.0.4,2022-11-25T05:33:23Z,github-actions[bot],false,false
seed-design,84159302,@seed-design/react-theming@2.1.0,2022-11-25T08:36:23Z,github-actions[bot],false,false
seed-design,84150417,@seed-design/react-theming@2.0.4,2022-11-25T05:33:23Z,github-actions[bot],false,false
seed-design,84074412,gatsby-plugin-seed-design@0.0.3,2022-11-24T09:10:45Z,github-actions[bot],false,false
seed-design,84063551,gatsby-plugin-seed-design@0.0.2,2022-11-24T06:33:05Z,github-actions[bot],false,false
seed-design,84074413,@seed-design/react-theming@2.0.3,2022-11-24T09:10:45Z,github-actions[bot],false,false
seed-design,84063550,@seed-design/react-theming@2.0.2,2022-11-24T06:33:05Z,github-actions[bot],false,false
seed-design,83514430,@seed-design/react-theming@2.0.1,2022-11-18T09:36:23Z,github-actions[bot],false,false
seed-design,83503288,@seed-design/react-theming@2.0.0,2022-11-18T07:58:05Z,github-actions[bot],false,false
seed-design,79224567,@seed-design/stylesheet@1.0.1,2022-10-07T02:07:26Z,github-actions[bot],false,false
seed-design,61453261,@karrotmarket/design-token@1.1.2,2022-03-10T03:08:12Z,github-actions[bot],false,false
seed-design,51426395,@karrotmarket/styled-components-theme@0.2.0,2021-10-15T11:46:42Z,github-actions[bot],false,false
seed-design,51426394,@karrotmarket/react-theming@0.2.0,2021-10-15T11:46:42Z,github-actions[bot],false,false
seed-design,51426397,@karrotmarket/react-emotion-theme@0.4.0,2021-10-15T11:46:42Z,github-actions[bot],false,false
seed-design,51426396,@karrotmarket/design-token@0.2.0,2021-10-15T11:46:42Z,github-actions[bot],false,false
